<?xml version="1.0" encoding="UTF-8"?>
<project-private xmlns="http://www.netbeans.org/ns/project-private/1">
    <editor-bookmarks xmlns="http://www.netbeans.org/ns/editor-bookmarks/2" lastBookmarkId="0"/>
    <open-files xmlns="http://www.netbeans.org/ns/projectui-open-files/2">
        <group>
            <file>file:/C:/Users/Hungly1402/Downloads/GroceryStoreManagement/GroceryStoreManagement/src/Classes/CartItems.java</file>
            <file>file:/C:/Users/Hungly1402/Downloads/GroceryStoreManagement/GroceryStoreManagement/src/Classes/Invoice.java</file>
            <file>file:/C:/Users/Hungly1402/Downloads/GroceryStoreManagement/GroceryStoreManagement/src/UI/reports.java</file>
            <file>file:/C:/Users/Hungly1402/Downloads/GroceryStoreManagement/GroceryStoreManagement/src/UI/sale.java</file>
            <file>file:/C:/Users/Hungly1402/Downloads/GroceryStoreManagement/GroceryStoreManagement/src/UI/DB.java</file>
            <file>file:/C:/Users/Hungly1402/Downloads/GroceryStoreManagement/GroceryStoreManagement/src/UI/Home.java</file>
            <file>file:/C:/Users/Hungly1402/Downloads/GroceryStoreManagement/GroceryStoreManagement/src/UI/ReportView.java</file>
        </group>
    </open-files>
</project-private>
